,muralName,artistName,address,year,imgLink
0,DETROIT MURAL #0674,Pat Perry,"2605 Newark Street, Detroit, MI",2018,https://static1.squarespace.com/static/5ab0771496e76f89eeebf997/5ca3c3e7e4966ba9b7e6f488/5b572aa9f950b7329f3abd59/1556712947246/FullSizeRender-3.jpg
1,DETROIT MURAL #0694,Tony Whlgn,"19031 Grand River Ave, Detroit, MI",2018,https://static1.squarespace.com/static/5ab0771496e76f89eeebf997/5ca3c3e7e4966ba9b7e6f488/5b52ed900e2e72a1709776d6/1556712947219/FullSizeRender-4.jpg
2,DETROIT MURAL #0693,Ledania,"2605 Newark Street, Detroit, MI",2018,https://static1.squarespace.com/static/5ab0771496e76f89eeebf997/5ca3c3e7e4966ba9b7e6f488/5b52eb78758d4613dececcfb/1556712947214/FullSizeRender-5.jpg
3,DETROIT MURAL #0690,FFTY,"8801 Oakland Avenue, Detroit, MI",2018,https://static1.squarespace.com/static/5ab0771496e76f89eeebf997/5ca3c3e7e4966ba9b7e6f488/5b2d4895f950b7e7ee07c3eb/1556712947203/FullSizeRender-6.jpg
4,DETROIT MURAL #0689,Laura Finlay,"4126 Third Avenue, Detroit, MI",2018,https://static1.squarespace.com/static/5ab0771496e76f89eeebf997/5ca3c3e7e4966ba9b7e6f488/5b2d488c8a922df608353505/1556712947190/FullSizeRender-7.jpg
5,DETROIT MURAL #0687,Ndubisi Okoye,"7900 Mack Avenue, Detroit, MI",2018,https://static1.squarespace.com/static/5ab0771496e76f89eeebf997/5ca3c3e7e4966ba9b7e6f488/5b2d47b38a922df608350b5d/1556712947179/FullSizeRender-9.jpg
6,DETROIT MURAL #0686,Michael Burdick and Kelly Golden,"10125 East Jefferson, Detroit, MI",2018,https://static1.squarespace.com/static/5ab0771496e76f89eeebf997/5ca3c3e7e4966ba9b7e6f488/5b2d47a26d2a739de2af78e3/1556712947173/FullSizeRender-10.jpg
7,DETROIT MURAL #0671,Bernal Perez,"6600 West Vernor Highway, Detroit, MI",2018,https://static1.squarespace.com/static/5ab0771496e76f89eeebf997/5ca3c3e7e4966ba9b7e6f488/5b2d46d90e2e72e10f3d7205/1556712947166/FullSizeRender-11.jpg
8,DETROIT MURAL #0682,Tylonn J. Sawyer,"1550 Taylor Street, Detroit, MI",2018,https://static1.squarespace.com/static/5ab0771496e76f89eeebf997/5ca3c3e7e4966ba9b7e6f488/5b475955352f53728bd4ae1c/1556712947208/1531402738820.jpeg
9,DETROIT MURAL #0625,Patch Whisky,"4847 Fort Street, Detroit, MI",2018,https://static1.squarespace.com/static/5ab0771496e76f89eeebf997/5ca3c3e7e4966ba9b7e6f488/5b16ae130e2e72611beb90d2/1556712947096/FullSizeRender-4.jpg
10,DETROIT MURAL #0624,Ghost Beard,"4847 Fort Street, Detroit, MI",2018,https://static1.squarespace.com/static/5ab0771496e76f89eeebf997/5ca3c3e7e4966ba9b7e6f488/5b16ae0f575d1f3054e7b1e3/1556712947090/FullSizeRender-5.jpg
11,DETROIT MURAL #0623,Nate Otto,"3546 Michigan Avenue, Detroit, MI",2018,https://static1.squarespace.com/static/5ab0771496e76f89eeebf997/5ca3c3e7e4966ba9b7e6f488/5b16ae0a8a922d0c6b547cc5/1556712947085/FullSizeRender.jpg
12,DETROIT MURAL #0622,Bunnie Reiss,"1457 Griswold St, Detroit, MI",2018,https://static1.squarespace.com/static/5ab0771496e76f89eeebf997/5ca3c3e7e4966ba9b7e6f488/5b16ae05562fa7121fb167f2/1556712947079/FullSizeRender-3.jpg
13,DETROIT MURAL #0621,Phybr,"431 E Congress St, Detroit, MI",2018,https://static1.squarespace.com/static/5ab0771496e76f89eeebf997/5ca3c3e7e4966ba9b7e6f488/5b16adfe70a6ad59dcddb4fa/1556712947073/FullSizeRender-6.jpg
14,DETROIT MURAL #0620,Phil Simpson,"6060 John R Street, Detroit, MI",2018,https://static1.squarespace.com/static/5ab0771496e76f89eeebf997/5ca3c3e7e4966ba9b7e6f488/5b16ade488251b408d60b8bd/1556712947068/FullSizeRender-1.jpg
15,DETROIT MURAL #0619,Michelle Tanguay,"4475 2nd Avenue, Detroit, MI",2018,https://static1.squarespace.com/static/5ab0771496e76f89eeebf997/5ca3c3e7e4966ba9b7e6f488/5b16adde575d1f3054e7a699/1556712947062/FullSizeRender-2.jpg
16,DETROIT MURAL #0618,Julien de Casabianca,"(near) 8359 Woodward Ave, Detroit, MI",2018,https://static1.squarespace.com/static/5ab0771496e76f89eeebf997/5ca3c3e7e4966ba9b7e6f488/5b16add92b6a28229d7dec6e/1556712947056/FullSizeRender.jpg
17,DETROIT MURAL #0617,Julien de Casabianca,"(near) 8359 Woodward Avenue, Detroit, MI",2018,https://static1.squarespace.com/static/5ab0771496e76f89eeebf997/5ca3c3e7e4966ba9b7e6f488/5b16add403ce64105923d6fb/1556712947048/FullSizeRender-1.jpg
18,DETROIT MURAL #0615,Jake Dwyer,"3714 Trumbull Street, Detroit, MI",2018,https://static1.squarespace.com/static/5ab0771496e76f89eeebf997/5ca3c3e7e4966ba9b7e6f488/5b16adce88251b408d60b2c3/1556712947043/FullSizeRender-2.jpg
19,DETROIT MURAL #0614,Beverly Fishman,"1431 Washington Blvd, Detroit, MI",2018,https://static1.squarespace.com/static/5ab0771496e76f89eeebf997/5ca3c3e7e4966ba9b7e6f488/5b1ffc3b352f53138bdd7076/1556712947137/FullSizeRender-3.jpg
20,DETROIT MURAL #0606,Sydney G. James,"314 East Baltimore Ave, Detroit MI",2018,https://static1.squarespace.com/static/5ab0771496e76f89eeebf997/5ca3c3e7e4966ba9b7e6f488/5b09d1ae562fa7e07bdbb187/1556712947000/FullSizeRender-4.jpg
21,DETROIT MURAL #0300,WC Bevan,"124 West Columbia Street, Detroit, MI",2018,https://static1.squarespace.com/static/5ab0771496e76f89eeebf997/5ca3c3e7e4966ba9b7e6f488/5ab94f11352f53f31f90df0f/1556712945875/FullSizeRender-5.jpg
22,DETROIT MURAL #0381,Armageddon BEACHPARTY,"1527 West Warren Ave, Detroit, MI",2018,https://static1.squarespace.com/static/5ab0771496e76f89eeebf997/5ca3c3e7e4966ba9b7e6f488/5ac39776f950b7917fecc922/1556712946297/FullSizeRender-6.jpg
23,DETROIT MURAL #0529,Unknown,"1922 Ferdinand Street, Detroit, MI",Unknown,https://static1.squarespace.com/static/5ab0771496e76f89eeebf997/5ca3c3e7e4966ba9b7e6f488/5ae79d89575d1f30834818ae/1556712946863/IMG_6574.jpg
24,DETROIT MURAL #0528,Freddy Diaz,"9429 West Fort Street, Detroit, MI",Unknown,https://static1.squarespace.com/static/5ab0771496e76f89eeebf997/5ca3c3e7e4966ba9b7e6f488/5ae79c656d2a73cfcaf9300b/1556712946857/FullSizeRender-7.jpg
25,DETROIT MURAL #0326,Ellen Rutt,"7830 W Vernor Hwy, Detroit, Michigan",2017,https://static1.squarespace.com/static/5ab0771496e76f89eeebf997/5ca3c3e7e4966ba9b7e6f488/5aba58a80e2e723b8ec75b28/1556712946006/FullSizeRender-8.jpg
26,DETROIT MURAL #0039,Jonny Alexander,"12355 Gratiot Ave., Detroit",2017,https://static1.squarespace.com/static/5ab0771496e76f89eeebf997/5ca3c3e7e4966ba9b7e6f488/5ab1da1d70a6ad5d2739737b/1556712945436/Jonny-Alexander-Gratiot-Detroit-Mural-Project.jpg
27,DETROIT MURAL #0351,Freddy Diaz,"1930 Springwells Ave, Detroit, MI",2017,https://static1.squarespace.com/static/5ab0771496e76f89eeebf997/5ca3c3e7e4966ba9b7e6f488/5abac0be562fa7acbfe5458f/1556712946132/1522188115183.jpeg
28,DETROIT MURAL #0696,"Ben Hesskamp, Alan Thomas, & Teo Brant","5432 Michigan Avenue, Detroit, MI",2018,https://static1.squarespace.com/static/5ab0771496e76f89eeebf997/5ca3c3e7e4966ba9b7e6f488/5b57298288251b71261d9024/1556712947230/FullSizeRender-9.jpg
29,DETROIT MURAL #0027,Unknown,"2917 Gratiot, Detroit, MI",Unknown,https://static1.squarespace.com/static/5ab0771496e76f89eeebf997/5ca3c3e7e4966ba9b7e6f488/5ab1dc14352f53170db6c7e9/1556712945528/002-Detroit-Mural-Project.jpg.jpg
30,DETROIT MURAL #0494,Shades,"1444 Brooklyn St Detroit, MI",2017,https://static1.squarespace.com/static/5ab0771496e76f89eeebf997/5ca3c3e7e4966ba9b7e6f488/5ae79a2f6d2a73cfcaf8b265/1556712946841/FullSizeRender-10.jpg
31,DETROIT MURAL #0491,Summer In The City,"4424 Vernor Hwy, Detroit, MI",2017,https://static1.squarespace.com/static/5ab0771496e76f89eeebf997/5ca3c3e7e4966ba9b7e6f488/5ae799adf950b7f3ad183a8e/1556712946824/FullSizeRender-11.jpg
32,DETROIT MURAL #0633,Willie Wayne Smith,"35 East Grand River, Detroit, MI",2017,https://static1.squarespace.com/static/5ab0771496e76f89eeebf997/5ca3c3e7e4966ba9b7e6f488/5b23c624758d463f77fd5eab/1556712947160/FullSizeRender-12.jpg
33,DETROIT MURAL #0471,Alex Senna,The Dequindre Cut Greenway,2017,https://static1.squarespace.com/static/5ab0771496e76f89eeebf997/5ca3c3e7e4966ba9b7e6f488/5ae71f800e2e72dfd92f830a/1556712946768/FullSizeRender-13.jpg
34,DETROIT MURAL #0077,Michael Olszewski,"4765 14th St, Detroit, MI",Unknown,https://static1.squarespace.com/static/5ab0771496e76f89eeebf997/5ca3c3e7e4966ba9b7e6f488/5ab1d575352f53170db5d249/1556712945215/Michael-Olszewski-Detroit-Mural-Project.jpg
35,DETROIT MURAL #0076,Michael Olszewski,"2200 W Hancock St, Detroit, MI",Unknown,https://static1.squarespace.com/static/5ab0771496e76f89eeebf997/5ca3c3e7e4966ba9b7e6f488/5ab1d587aa4a996aad795ce7/1556712945221/Michael-Olszewski-Detroit-Mural-Project.jpg
36,DETROIT MURAL #0366,MEGGS,"3736 Third Street, Detroit, MI",2017,https://static1.squarespace.com/static/5ab0771496e76f89eeebf997/5ca3c3e7e4966ba9b7e6f488/5abcca4e8a922dcb2e9c7d95/1556712946210/FullSizeRender.jpg
37,DETROIT MURAL #0363,Caratoes,"3454 Second Ave., Detroit, MI",2017,https://static1.squarespace.com/static/5ab0771496e76f89eeebf997/5ca3c3e7e4966ba9b7e6f488/5abcc9f3352f53d18626012c/1556712946199/FullSizeRender-1.jpg
38,DETROIT MURAL #0365,Christopher Konecki,"3454 Second Ave., Detroit, MI",2017,https://static1.squarespace.com/static/5ab0771496e76f89eeebf997/5ca3c3e7e4966ba9b7e6f488/5abcc9db575d1fb78e073f4b/1556712946194/FullSizeRender-2.jpg
39,DETROIT MURAL #0337,Freddy Diaz & MEGGS,"1227 Springwells Street, Detroit, MI",2017,https://static1.squarespace.com/static/5ab0771496e76f89eeebf997/5ca3c3e7e4966ba9b7e6f488/5aba9b28562fa7dfaedf0815/1556712946059/FullSizeRender-3.jpg
40,DETROIT MURAL #0026,WC Bevan,"3363 Michigan Ave., Detroit",2017,https://static1.squarespace.com/static/5ab0771496e76f89eeebf997/5ca3c3e7e4966ba9b7e6f488/5ab1dc2e03ce647150ffcae7/1556712945534/WC-Bevan-2017-Michigan-Detroit-Mural-Project.jpg.jpg
41,DETROIT MURAL #0585,Arlin Graff,"7952 Kercheval Ave, Detroit, MI",2017,https://static1.squarespace.com/static/5ab0771496e76f89eeebf997/5ca3c3e7e4966ba9b7e6f488/5aeffbc4352f535b34efbf37/1556712946947/FullSizeRender-4.jpg
42,DETROIT MURAL #0578,Kelsey Montage,"1500 Woodward Avenue, Detroit, MI",2017,https://static1.squarespace.com/static/5ab0771496e76f89eeebf997/5ca3c3e7e4966ba9b7e6f488/5ae85613575d1f30835e8ccd/1556712946917/FullSizeRender-5.jpg
43,DETROIT MURAL #0695,Summer In The City,"19031 West 7 Mile Road, Detroit, MI",2017,https://static1.squarespace.com/static/5ab0771496e76f89eeebf997/5ca3c3e7e4966ba9b7e6f488/5b52ee50aa4a995f7a657127/1556712947224/FullSizeRender-6.jpg
44,DETROIT MURAL #0629,Rensone,"15111 Livernois Avenue, Detroit, MI",2017,https://static1.squarespace.com/static/5ab0771496e76f89eeebf997/5ca3c3e7e4966ba9b7e6f488/5b16ae38aa4a99890c60304f/1556712947126/FullSizeRender-7.jpg
45,DETROIT MURAL #0436,Summer In The City,"14114 East Warren Avenue, Detroit, MI",2017,https://static1.squarespace.com/static/5ab0771496e76f89eeebf997/5ca3c3e7e4966ba9b7e6f488/5acabd04575d1fd3934f2451/1556712946619/FullSizeRender-8.jpg
46,DETROIT MURAL #0428,Summer in the City,"1984 West Euclid Street, Detroit, MI",2017,https://static1.squarespace.com/static/5ab0771496e76f89eeebf997/5ca3c3e7e4966ba9b7e6f488/5acab257f950b7425215c4bb/1556712946568/FullSizeRender-9.jpg
47,DETROIT MURAL #0609,Sydney Brack and Sam Albaugh,"5233 Trumbull Street, Detroit MI",2017,https://static1.squarespace.com/static/5ab0771496e76f89eeebf997/5ca3c3e7e4966ba9b7e6f488/5b0f3f0d2b6a28f41d1bbe1a/1556712947037/FullSizeRender-10.jpg
48,DETROIT MURAL #0373,WC Bevan,"9300 Kercheval Ave., Detroit, MI",2017,https://static1.squarespace.com/static/5ab0771496e76f89eeebf997/5ca3c3e7e4966ba9b7e6f488/5abccb4f0e2e72e0bad26222/1556712946248/1524145683270.jpeg
49,DETROIT MURAL #0361,Anthony Lee,"80 West Alexandrine Street, Detroit, MI",2017,https://static1.squarespace.com/static/5ab0771496e76f89eeebf997/5ca3c3e7e4966ba9b7e6f488/5abcc97c8a922dcb2e9c69c0/1556712946183/FullSizeRender.jpg
50,DETROIT MURAL #0613,Kevin Joy,"511 West Canfield Street, Detroit, MI",2017,https://static1.squarespace.com/static/5ab0771496e76f89eeebf997/5ca3c3e7e4966ba9b7e6f488/5b0c12fc562fa7e07b14488f/1556712947030/IMAGE.JPG
51,DETROIT MURAL #0299,,"1616 W. Fort St., Detroit, MI",2017,https://static1.squarespace.com/static/5ab0771496e76f89eeebf997/5ca3c3e7e4966ba9b7e6f488/5ab94ed5aa4a99dfc496db32/1556712945869/Sintex-2017-Detroit-Mural-Project.jpg
52,DETROIT MURAL #0298,Rich Ayers,"314 East Baltimore Ave, Detroit, MI (Alley behind building)",2017,https://static1.squarespace.com/static/5ab0771496e76f89eeebf997/5ca3c3e7e4966ba9b7e6f488/5ab94e80575d1f05f55af1ec/1556712945864/FullSizeRender-12.jpg
53,DETROIT MURAL #0283,FFTY,"18660 Bretton Drive, Detroit, MI",2017,https://static1.squarespace.com/static/5ab0771496e76f89eeebf997/5ca3c3e7e4966ba9b7e6f488/5ab90eb2aa4a99a97182690d/1556712945778/FFTY-2017-Detroit-Mural-Project.jpg
54,DETROIT MURAL #0282,Tylonn Sawyer,"8838 Third Ave, Detroit, MI",2017,https://static1.squarespace.com/static/5ab0771496e76f89eeebf997/5ca3c3e7e4966ba9b7e6f488/5ab90e9688251b9c2427ba92/1559750236253/Tylonn-Sawyer-2017-Detroit-Mural-Project.jpg
55,DETROIT MURAL #0281,Julian Spradlin,"9131 Oakland Ave, Detroit, MI",2017,https://static1.squarespace.com/static/5ab0771496e76f89eeebf997/5ca3c3e7e4966ba9b7e6f488/5ab90e5df950b759a8077926/1559750256108/FullSizeRender.jpg
56,DETROIT MURAL #0218,Rashaun Rucker,"2200 Hunt St, Detroit, MI",2017,https://static1.squarespace.com/static/5ab0771496e76f89eeebf997/5ca3c3e7e4966ba9b7e6f488/5ab1dc0503ce647150ffc553/1559750275191/Rashaun-Rucker-2017-Detroit-Mural-Project.jpg.jpg
57,DETROIT MURAL #0081,Unknown,"The Dequindre Cut Greenway, Detroit, MI",2017,https://static1.squarespace.com/static/5ab0771496e76f89eeebf997/5ca3c3e7e4966ba9b7e6f488/5ab1d51eaa4a996aad794bf0/1559750290387/IMAGE.JPG
58,DETROIT MURAL #0075,Michael Olszewski,"4756 Grand River, Detroit",2017,https://static1.squarespace.com/static/5ab0771496e76f89eeebf997/5ca3c3e7e4966ba9b7e6f488/5ab1d59d1ae6cfb57c6c2101/1559750307432/Michael-Olszewski-2017-Detroit-Mural-Project.jpg
59,DETROIT MURAL #0071,WC Bevan,"6331 Third Street, Detroit, MI",2017,https://static1.squarespace.com/static/5ab0771496e76f89eeebf997/5ca3c3e7e4966ba9b7e6f488/5ab1d62870a6ad5d2738d331/1559750323001/tumblr_ouswaa1SjQ1w75qkio1_1280.jpg
60,DETROIT MURAL #0698,Tony WHLGN,"1562 Alfred St, Detroit, MI",2018,https://static1.squarespace.com/static/5ab0771496e76f89eeebf997/5ca3c3e7e4966ba9b7e6f488/5b572a6603ce642b5e2b1e35/1557315761343/FullSizeRender-2.jpg
61,DETROIT MURAL #0670,Marlo Broughton,"1482 Adelaide Street, Detroit, MI",2018,https://static1.squarespace.com/static/5ab0771496e76f89eeebf997/5ca3c3e7e4966ba9b7e6f488/5b572a878a922dbc8509a20f/1557315761348/FullSizeRender.jpg
62,DETROIT MURAL #0677,Sheefy McFly,"2045 Gratiot Avenue, Detroit, MI",2018,https://static1.squarespace.com/static/5ab0771496e76f89eeebf997/5ca3c3e7e4966ba9b7e6f488/5b572ac2562fa765b769039b/1557315761353/FullSizeRender-1.jpg
63,DETROIT MURAL #0691,Pat Perry,"2934 Russell Street, Detroit, MI",2018,https://static1.squarespace.com/static/5ab0771496e76f89eeebf997/5ca3c3e7e4966ba9b7e6f488/5b2d488e1ae6cfd5a34ec773/1557315761337/FullSizeRender-8.jpg
64,DETROIT MURAL #0284,Arlin Graff,"1314 Gratiot Ave, Detroit, MI",2017,https://static1.squarespace.com/static/5ab0771496e76f89eeebf997/5ca3c3e7e4966ba9b7e6f488/5ab93f6b758d46cb551de2dc/1557315761217/Arlin-Graff-2017-Detroit-Mural-Project.jpg
65,DETROIT MURAL #0286,Laura Finlay,"1562 Alfred St, Detroit, MI",2017,https://static1.squarespace.com/static/5ab0771496e76f89eeebf997/5ca3c3e7e4966ba9b7e6f488/5ab93fa388251b547896b6ac/1557315761229/Laura-Finlay-2017-Detroit-Mural-Project.JPG
66,DETROIT MURAL #0285,Tatiana Suarez,"2799 Orleans St Detroit, MI",2017,https://static1.squarespace.com/static/5ab0771496e76f89eeebf997/5ca3c3e7e4966ba9b7e6f488/5ab93f86352f53bd005d0785/1559746937639/Tati-Suarez-2017-Detroit-Mural-Project.jpg
67,DETROIT MURAL #0279,Shades,"2739 Russell St (Rear), Detroit",2017,https://static1.squarespace.com/static/5ab0771496e76f89eeebf997/5ca3c3e7e4966ba9b7e6f488/5ab90e24575d1fd33701f1e5/1559746957646/Shades-2017-Detroit-Mural-Project.JPG
68,DETROIT MURAL #0278,Denial,"2719 Russell St, Detroit, MI 48207",2017,https://static1.squarespace.com/static/5ab0771496e76f89eeebf997/5ca3c3e7e4966ba9b7e6f488/5ab90e08352f53cd311f46c3/1559746990736/Denial-2017-Detroit-Mural-Project.jpg
69,DETROIT MURAL #0277,BMike & Rick Williams,"1573 Adelaide St, Detroit, MI",2017,https://static1.squarespace.com/static/5ab0771496e76f89eeebf997/5ca3c3e7e4966ba9b7e6f488/5ab90deb562fa76d37251a3d/1559747010778/BMike-Rick-Williams-2017-Detroit-Mural-Project.jpg
70,DETROIT MURAL #0280,Tavar Zawacki,"2611 Russell St, Detroit, MI",2017,https://static1.squarespace.com/static/5ab0771496e76f89eeebf997/5ca3c3e7e4966ba9b7e6f488/5ab90e41758d460c889f6b70/1559747105058/IMAGE.JPG
71,DETROIT MURAL #0274,,,2017,https://static1.squarespace.com/static/5ab0771496e76f89eeebf997/5ca3c3e7e4966ba9b7e6f488/5ab90d8a575d1fd33701c786/1559747124717/Jonny-Alexander-2017-Detroit-Mural-Project.jpg
72,DETROIT MURAL #0276,Mary Iverson,"1560 Alfred St, Detroit, MI (parking lot)",2017,https://static1.squarespace.com/static/5ab0771496e76f89eeebf997/5ca3c3e7e4966ba9b7e6f488/5ab90dc92b6a28bbf5bd89ca/1559747143400/Mary-Iverson-2017-Detroit-Mural-Project.jpg
73,DETROIT MURAL #0275,Camilo Pardo,"1535 Alfred St, Detroit, MI",2017,https://static1.squarespace.com/static/5ab0771496e76f89eeebf997/5ca3c3e7e4966ba9b7e6f488/5ab90db0f950b759a8074e53/1559747164760/Camilo-Pardo-2017-Detroit-Mural-Project.jpg
74,DETROIT MURAL #0272,Anthony Lee,"1807 Alfred St, Detroit, MI (alley)",2017,https://static1.squarespace.com/static/5ab0771496e76f89eeebf997/5ca3c3e7e4966ba9b7e6f488/5ab90d3aaa4a99a971820c0f/1559747185917/Anthony-Lee-Eastern-Market-2017-Detroit-Mural-Project.JPG
75,DETROIT MURAL #0271,Shaini Kasztelan & Heidi Barlow,"1807 Alfred St, Detroit, MI",2017,https://static1.squarespace.com/static/5ab0771496e76f89eeebf997/5ca3c3e7e4966ba9b7e6f488/5ab90d1f8a922da0c50fd6d0/1559747203079/Shaini-Kasztelan-Heidi-Barlow-2017-Detroit-Mural-Project.jpg
76,DETROIT MURAL #0273,HOXXOH & Brian Lacey,"1807 Alfred St, Detroit, MI (alley)",2017,https://static1.squarespace.com/static/5ab0771496e76f89eeebf997/5ca3c3e7e4966ba9b7e6f488/5ab90d6b352f53cd311f1e8d/1559747218505/HOXXOH-Brian-Lacey-2017-Detroit-Mural-Project.jpg
77,DETROIT MURAL #0269,HOXXOH,"1544 Mack Ave, Detroit, MI",2017,https://static1.squarespace.com/static/5ab0771496e76f89eeebf997/5ca3c3e7e4966ba9b7e6f488/5ab90cd588251b9c24275088/1559747238753/HOXXOH-2017-Detroit-Mural-Project.jpg
78,DETROIT MURAL #0270,Sydney G. James & Askew,"1461 Erskine St, Detroit, MI",2017,https://static1.squarespace.com/static/5ab0771496e76f89eeebf997/5ca3c3e7e4966ba9b7e6f488/5ab90cfa88251b9c242757d1/1559747254388/Sydney-G-James-2017-Detroit-Mural-Project.jpg
79,DETROIT MURAL #0266,Sydney G. James & Askew,"1461 Erskine St, Detroit, MI",2017,https://static1.squarespace.com/static/5ab0771496e76f89eeebf997/5ca3c3e7e4966ba9b7e6f488/5ab90c7c8a922da0c50faf20/1559747272799/FFTY-2017-Detroit-Mural-Project.jpg
80,DETROIT MURAL #0268,Jesse Kassel,"1820 Mack Ave, Detroit, MI",2017,https://static1.squarespace.com/static/5ab0771496e76f89eeebf997/5ca3c3e7e4966ba9b7e6f488/5ab90cb988251b9c242748a9/1559747478446/FullSizeRender.jpg
81,DETROIT MURAL #0262,Jeremiah Britton,"2000 Division St, Detroit, MI",2017,https://static1.squarespace.com/static/5ab0771496e76f89eeebf997/5ca3c3e7e4966ba9b7e6f488/5ab90bd903ce644cf63583ca/1559747510331/Jeremiah-Britton.JPG
82,DETROIT MURAL #0263,Lunch Money,"2715 Saint Aubin Street, Detroit, MI",2017,https://static1.squarespace.com/static/5ab0771496e76f89eeebf997/5ca3c3e7e4966ba9b7e6f488/5ab90bfe03ce644cf6358bef/1559747532243/LunchMoney-WeWork-2017-Detroit-Mural-Project.jpg
83,DETROIT MURAL #0257,Bask,"1328 Division Street, Detroit, MI",2017,https://static1.squarespace.com/static/5ab0771496e76f89eeebf997/5ca3c3e7e4966ba9b7e6f488/5ac39b61758d46fd8ce43da6/1559747546972/Bask-Matter-2017-Detroit-Mural-Project.jpg
84,DETROIT MURAL #0258,SharkToof,"2158 Gratiot Avenue, Detroit, MI",2017,https://static1.squarespace.com/static/5ab0771496e76f89eeebf997/5ca3c3e7e4966ba9b7e6f488/5ab90a3d575d1f97606c661b/1559747566006/Sharktoof-2017-Detroit-Mural-Project.jpg
85,DETROIT MURAL #0256,Lauren Napolitano,"2245 Hunt St, Detroit, MI (parking lot)",2017,https://static1.squarespace.com/static/5ab0771496e76f89eeebf997/5ca3c3e7e4966ba9b7e6f488/5ab90987f950b7207d374422/1559747582290/Lauren-Napolitano-2017-Detroit-Mural-Project.jpg
86,DETROIT MURAL #0255,Jeff Gress,"2158 Gratiot Avenue, Detroit, MI",2017,https://static1.squarespace.com/static/5ab0771496e76f89eeebf997/5ca3c3e7e4966ba9b7e6f488/5ab909ccf950b7207d375228/1559747606112/Jeff-Gress-2017-Detroit-Mural-Project.jpg
87,DETROIT MURAL #0234,Fel3000ft and Malt,"2611 Russell St, Detroit, MI",2017,https://static1.squarespace.com/static/5ab0771496e76f89eeebf997/5ca3c3e7e4966ba9b7e6f488/5ab1db9a0e2e72081e5fc791/1559747627988/Fel3000ft-Malt-2017-Detroit-Mural-Project.jpg
88,DETROIT MURAL #0231,Woes & Kevin Lyons,"2151 Brewster St, Detroit, MI",2017,https://static1.squarespace.com/static/5ab0771496e76f89eeebf997/5ca3c3e7e4966ba9b7e6f488/5ab1dbcb575d1f9478b609ec/1559747654217/Woes-Kevin-Lyons.jpg
89,DETROIT MURAL #0232,WC Bevan,"1530 Winder St, Detroit, MI",2017,https://static1.squarespace.com/static/5ab0771496e76f89eeebf997/5ca3c3e7e4966ba9b7e6f488/5ab1dbb303ce647150ffb8cb/1559747674825/FullSizeRender-1.jpg
90,DETROIT MURAL #0233,MEGGS,"1530 Winder St, Detroit, MI",2017,https://static1.squarespace.com/static/5ab0771496e76f89eeebf997/5ca3c3e7e4966ba9b7e6f488/5ab1db80352f53170db6b1f0/1559747702153/FullSizeRender-2.jpg
91,DETROIT MURAL #0230,Case Maclaim,"2453 Riopelle St, Detroit, MI",2017,https://static1.squarespace.com/static/5ab0771496e76f89eeebf997/5ca3c3e7e4966ba9b7e6f488/5ab1c5f370a6ad5d27363d2d/1559747731297/Case-Maclaim-2017-Detroit-Mural-Project.jpg.jpg
92,DETROIT MURAL #0120,Ouizi,"2628 Orleans Street, Detroit, MI",2017,https://static1.squarespace.com/static/5ab0771496e76f89eeebf997/5ca3c3e7e4966ba9b7e6f488/5ab1c824f950b76484f6fe45/1559747746099/Ouizi-2017-Detroit-Mural-Project.jpg
93,DETROIT MURAL #0119,James Bullough,"2633 Orleans Street, Detroit, MI",2017,https://static1.squarespace.com/static/5ab0771496e76f89eeebf997/5ca3c3e7e4966ba9b7e6f488/5ab1c8126d2a73b789dbc480/1559747764299/James-Bullough-2017-Detroit-Mural-Project.jpg
94,DETROIT MURAL #0101,OUIZI and Michelle Tanguay,"1450 Wilkins St, Detroit, MI",2017,https://static1.squarespace.com/static/5ab0771496e76f89eeebf997/5ca3c3e7e4966ba9b7e6f488/5ab1c4418a922d21ca7e664b/1559747784606/tumblr_osbgz6AJqe1w75qkio1_1280.jpg
95,DETROIT MURAL #0186,SharkToof,"1500 Division Street, Detroit, MI",2017,https://static1.squarespace.com/static/5ab0771496e76f89eeebf997/5ca3c3e7e4966ba9b7e6f488/5ab1c9131ae6cfb57c6a220e/1559747800814/FullSizeRender-3.jpg
96,DETROIT MURAL #0225,Nivek Monet,"2739 Russell St (Rear), Detroit",2017,https://static1.squarespace.com/static/5ab0771496e76f89eeebf997/5ca3c3e7e4966ba9b7e6f488/5ab1d07a6d2a73b789dd1dcc/1559747816501/tumblr_oto883rjSS1w75qkio1_r1_1280.jpg
97,DETROIT MURAL #0035,Canvas Voice,Unknown,2017,https://static1.squarespace.com/static/5ab0771496e76f89eeebf997/5ca3c3e7e4966ba9b7e6f488/5ab1da9d575d1f9478b5de5e/1559747837202/Canvas-Voice-2017-Detroit-Mural-Project.jpg
98,DETROIT MURAL #0214,Greg Mike,"2899 Orleans Street, Detroit, MI",2016,https://static1.squarespace.com/static/5ab0771496e76f89eeebf997/5ca3c3e7e4966ba9b7e6f488/5ab1cfe50e2e72081e5e00fc/1559747856130/tumblr_oto833Vb1K1w75qkio1_r1_1280.jpg
99,DETROIT MURAL #0226,Sydney G. James,"Cutters Bar & Grill, Detroit, MI",2016,https://static1.squarespace.com/static/5ab0771496e76f89eeebf997/5ca3c3e7e4966ba9b7e6f488/5ab1c9641ae6cfb57c6a2e98/1559747875455/1521600877248.jpeg
100,DETROIT MURAL #0215,Ellen Rutt and Jesse Kassel,"2934 Russell St, Detroit, MI",2016,https://static1.squarespace.com/static/5ab0771496e76f89eeebf997/5ca3c3e7e4966ba9b7e6f488/5ab1d0ab2b6a285eb10ed94e/1559748030461/tumblr_otogd5zRrM1w75qkio1_1280.jpg
101,DETROIT MURAL #0192,Apexer,"2903 Saint Aubin Street, Detroit, MI",2016,https://static1.squarespace.com/static/5ab0771496e76f89eeebf997/5ca3c3e7e4966ba9b7e6f488/5ab1ccd62b6a285eb10e3bf6/1559748050428/tumblr_oto80uqrJt1w75qkio1_1280.jpg
102,DETROIT MURAL #0184,Zak Meers,"1525 Adelaide Street, Detroit, MI",2016,https://static1.squarespace.com/static/5ab0771496e76f89eeebf997/5ca3c3e7e4966ba9b7e6f488/5ab1c8aa8a922d21ca7f27ed/1559748075328/1521600703475.jpeg
103,DETROIT MURAL #0182,Zak Meers,"2600 Riopelle Street, Detroit, MI",2016,https://static1.squarespace.com/static/5ab0771496e76f89eeebf997/5ca3c3e7e4966ba9b7e6f488/5ab1c8eb8a922d21ca7f3248/1559748097624/tumblr_oto7w3gB2J1w75qkio1_1280.jpg
104,DETROIT MURAL #0181,Zak Meers,"2600 Riopelle Street, Detroit, MI",2016,https://static1.squarespace.com/static/5ab0771496e76f89eeebf997/5ca3c3e7e4966ba9b7e6f488/5ab1c8ce758d46f2165dd4d4/1559748113644/tumblr_oto7vvAFcY1w75qkio1_r1_1280.jpg
105,DETROIT MURAL #0180,"MEGGS, Taylor White, & Lauren Ys","1798 Jay St, Detroit, MI",2016,https://static1.squarespace.com/static/5ab0771496e76f89eeebf997/5ca3c3e7e4966ba9b7e6f488/5ab1c8be03ce647150fcc8b7/1559748152856/FullSizeRender.jpg
106,DETROIT MURAL #0171,HOXXOH,,2016,https://static1.squarespace.com/static/5ab0771496e76f89eeebf997/5ca3c3e7e4966ba9b7e6f488/5ab1c75303ce647150fc8ae2/1559748170459/1521600348887.jpeg
107,DETROIT MURAL #0170,Shades,"1548 E Fisher Service Dr, Detroit, MI",2016,https://static1.squarespace.com/static/5ab0771496e76f89eeebf997/5ca3c3e7e4966ba9b7e6f488/5ab1c53eaa4a996aad76b800/1559748195155/1521599819242.jpeg
108,DETROIT MURAL #0163,Tony Rave,"2638 Orleans Street, Detroit, MI",2016,https://static1.squarespace.com/static/5ab0771496e76f89eeebf997/5ca3c3e7e4966ba9b7e6f488/5ab1c9b60e2e72081e5d0066/1559748219680/1521600955032.jpeg
109,DETROIT MURAL #0161,Tylonn Sawyer,"2638 Orleans, Detroit, MI",2016,https://static1.squarespace.com/static/5ab0771496e76f89eeebf997/5ca3c3e7e4966ba9b7e6f488/5ab1c983575d1f9478b33785/1559748235474/1521600907725.jpeg
110,DETROIT MURAL #0154,Apexer,"1544 Gratiot Ave, Detroit, MI",2016,https://static1.squarespace.com/static/5ab0771496e76f89eeebf997/5ca3c3e7e4966ba9b7e6f488/5ab1ca910e2e72081e5d25f1/1559748252269/tumblr_oto8alDrbx1w75qkio1_1280.jpg
111,DETROIT MURAL #0152,Slick,"1544 Gratiot Ave, Detroit, MI",2016,https://static1.squarespace.com/static/5ab0771496e76f89eeebf997/5ca3c3e7e4966ba9b7e6f488/5ab1caa51ae6cfb57c6a65cd/1559748268869/tumblr_oto8baE2jJ1w75qkio1_1280.jpg
112,DETROIT MURAL #0148,Joseph Konert,"2611 Russell Street, Detroit, MI",2016,https://static1.squarespace.com/static/5ab0771496e76f89eeebf997/5ca3c3e7e4966ba9b7e6f488/5ab1cbc90e2e72081e5d5a6b/1559748285508/tumblr_oto8r9pvAj1w75qkio1_r1_1280.jpg
113,DETROIT MURAL #0144,Ben Saginaw,"2739 Russell Street, Detroit, MI",2016,https://static1.squarespace.com/static/5ab0771496e76f89eeebf997/5ca3c3e7e4966ba9b7e6f488/5ab1cd96758d46f2165e9b61/1559748301783/tumblr_oto82fQGi31w75qkio1_r1_1280.jpg
114,DETROIT MURAL #0138,Shaina Kasztelan & Heidi Barlow,"1353 Division Street, Detroit, MI",2016,https://static1.squarespace.com/static/5ab0771496e76f89eeebf997/5ca3c3e7e4966ba9b7e6f488/5ab1cf431ae6cfb57c6b251f/1559748318117/tumblr_oto88moeVa1w75qkio1_1280.jpg
115,DETROIT MURAL #0115,Ghost Beard and Patch Whisky,"1489 Winder Street, Detroit, MI",2016,https://static1.squarespace.com/static/5ab0771496e76f89eeebf997/5ca3c3e7e4966ba9b7e6f488/5ab1c7cbf950b76484f6eee0/1559748334681/1521600468853.jpeg
116,DETROIT MURAL #0114,Felipe Pantone,"2478 Riopelle Street, Detroit, MI",2016,https://static1.squarespace.com/static/5ab0771496e76f89eeebf997/5ca3c3e7e4966ba9b7e6f488/5ab1c7b7352f53170db3a31a/1559748350631/1521600451202.jpeg
117,DETROIT MURAL #0109,Hebru Brantley,"2418 Orleans Street, Detroit, MI",2016,https://static1.squarespace.com/static/5ab0771496e76f89eeebf997/5ca3c3e7e4966ba9b7e6f488/5ab1c741575d1f9478b2d620/1559748368253/1521600332142.jpeg
118,DETROIT MURAL #0162,Mr. Jago & Xenx,"1801 Division Street, Detroit, MI",2016,https://static1.squarespace.com/static/5ab0771496e76f89eeebf997/5ca3c3e7e4966ba9b7e6f488/5ab1c9751ae6cfb57c6a313d/1559748386953/1521600893611.jpeg
119,DETROIT MURAL #0227,Slick,"2000 Division Street, Detroit, MI",2016,https://static1.squarespace.com/static/5ab0771496e76f89eeebf997/5ca3c3e7e4966ba9b7e6f488/5ab1ca3003ce647150fd0739/1559748407508/Slick-2016-Detroit-Mural-Project.jpg
120,DETROIT MURAL #0155,Ghost Beard and Patch Whisky,"1544 Gratiot Ave, Detroit, MI",2016,https://static1.squarespace.com/static/5ab0771496e76f89eeebf997/5ca3c3e7e4966ba9b7e6f488/5ab1ca86575d1f9478b3649c/1559748583673/Ghost-Beard-Patch-Whisky-2016-Detroit-Mural-Project.jpg
121,DETROIT MURAL #0153,Hueman,"2099 Rivard Street, Detroit, MI",2016,https://static1.squarespace.com/static/5ab0771496e76f89eeebf997/5ca3c3e7e4966ba9b7e6f488/5ab1ca9c88251b292be99993/1559748601445/Hueman-2016-Detroit-Mural-Project.jpg
122,DETROIT MURAL #0149,Cey Adams,"1548 E Fisher Service Dr, Detroit, MI",2016,https://static1.squarespace.com/static/5ab0771496e76f89eeebf997/5ca3c3e7e4966ba9b7e6f488/5ab1cbb988251b292be9c8f5/1559748614623/Detroit-Mural-Project-2016-Cey-Adams.jpg
123,DETROIT MURAL #0143,Pat Perry,,2016,https://static1.squarespace.com/static/5ab0771496e76f89eeebf997/5ca3c3e7e4966ba9b7e6f488/5ab1cdc588251b292bea1a9e/1559748641526/Detroit-Mural-Project-2016-Pat-Perry.jpg
124,DETROIT MURAL #0139,Sheefy McFly,"2719 Russell Street, Detroit, MI",2016,https://static1.squarespace.com/static/5ab0771496e76f89eeebf997/5ca3c3e7e4966ba9b7e6f488/5ab1cf2a758d46f2165ede96/1559748656824/Detroit-Mural-Project-2016-Sheefy-McFly.jpg
125,DETROIT MURAL #0140,Clifton Perry,"1500 Alfred Street, Detroit, MI",2016,https://static1.squarespace.com/static/5ab0771496e76f89eeebf997/5ca3c3e7e4966ba9b7e6f488/5ab1cf0e352f53170db4d1bc/1559748671827/Detroit-Mural-Project-2016-Clifton-Perry.jpg
126,DETROIT MURAL #0137,Olayami Dabls,"1950 Wilkins Street, Detroit, MI",2016,https://static1.squarespace.com/static/5ab0771496e76f89eeebf997/5ca3c3e7e4966ba9b7e6f488/5ab1cfb66d2a73b789dcfe53/1559748690354/Detroit-Mural-Project-2016-Dabls.jpg
127,DETROIT MURAL #0295,Apexer,"1841 Gratiot Avenue, Detroit, MI",2016,https://static1.squarespace.com/static/5ab0771496e76f89eeebf997/5ca3c3e7e4966ba9b7e6f488/5ab94175aa4a9968418e4983/1559748712481/Detroit-Mural-Project-2016-Apexer.jpg
128,DETROIT MURAL #0293,Kirstin Farr,"2011 Russell St, Detroit, MI",2016,https://static1.squarespace.com/static/5ab0771496e76f89eeebf997/5ca3c3e7e4966ba9b7e6f488/5ab941128a922d97f510b42b/1559748730070/Detroit-Mural-Project-2016-Kirstin-Farr.jpg
129,DETROIT MURAL #0292,Pixel Pancho,"2105 Russell St, Detroit, MI",2016,https://static1.squarespace.com/static/5ab0771496e76f89eeebf997/5ca3c3e7e4966ba9b7e6f488/5ab940fa1ae6cf23575e5ce6/1559748747717/Detroit-Mural-Project-2016-Pixel-Pancho.jpg
130,DETROIT MURAL #0291,Marka27,"1485 Gratiot Ave, Detroit, MI",2016,https://static1.squarespace.com/static/5ab0771496e76f89eeebf997/5ca3c3e7e4966ba9b7e6f488/5ab940480e2e72d3f74bc63e/1559748771253/Detroit-Mural-Project-2016-Marka27.JPG
131,DETROIT MURAL #0289,Kevin Lyons,"2008 Gratiot Avenue, Detroit, MI",2016,https://static1.squarespace.com/static/5ab0771496e76f89eeebf997/5ca3c3e7e4966ba9b7e6f488/5ab9401bf950b714572ca551/1559748790037/Detroit-Mural-Project-2016-Kevin-Lyons.jpg
132,DETROIT MURAL #0267,1010,"3555 Orleans St, Detroit, MI",2016,https://static1.squarespace.com/static/5ab0771496e76f89eeebf997/5ca3c3e7e4966ba9b7e6f488/5ab90c9f70a6ad8579a01a5b/1559748807368/Detroit-Mural-Project-2016-1010.jpg
133,DETROIT MURAL #0265,Chris Saunders,"3500 Orleans St, Detroit, MI",2016,https://static1.squarespace.com/static/5ab0771496e76f89eeebf997/5ca3c3e7e4966ba9b7e6f488/5ab90c5b88251b9c24272dd8/1559748825357/Detroit-Mural-Project-2016-Chris-Saunders.jpg
134,DETROIT MURAL #0259,Taylor White & Dalek,"2625 St Aubin St, Detroit, MI",2016,https://static1.squarespace.com/static/5ab0771496e76f89eeebf997/5ca3c3e7e4966ba9b7e6f488/5ab90b62562fa76d37247bf6/1559748839031/Detroit-Mural-Project-Year-Taylor-White-Dalek.JPG
135,DETROIT MURAL #0355,Lauren Harrington,"1799 Antietam Ave, Detroit, MI",2016,https://static1.squarespace.com/static/5ab0771496e76f89eeebf997/5ca3c3e7e4966ba9b7e6f488/5abcc89070a6ad9323455ee5/1559748857179/Detroit-Mural-Project-Lauren-Harrington-2016.jpg
136,DETROIT MURAL #0406,WC Bevan,"2469 E Fisher Service Dr, Detroit, MI",2015,https://static1.squarespace.com/static/5ab0771496e76f89eeebf997/5ca3c3e7e4966ba9b7e6f488/5ac3a89f0e2e722bb743e21f/1559748872436/Detroit-Mural-Project-WC-Bevan-2015.jpg
137,DETROIT MURAL #0151,Sintex,"2000 Division St, Detroit, MI",2016,https://static1.squarespace.com/static/5ab0771496e76f89eeebf997/5ca3c3e7e4966ba9b7e6f488/5ab1cab7575d1f9478b36c2f/1559748896317/Sintex-Danny-Brown-Detroit-Mural.jpg
138,DETROIT MURAL #0580,Nic Notion,"1352 Gratiot Avenue, Detroit, MI",2016,https://static1.squarespace.com/static/5ab0771496e76f89eeebf997/5ca3c3e7e4966ba9b7e6f488/5ae8576c352f5343172e2e36/1559748918751/FullSizeRender.jpg
139,DETROIT MURAL #0229,Hygienic Dress League,"1543 Gratiot Ave, Detroit, MI",2015,https://static1.squarespace.com/static/5ab0771496e76f89eeebf997/5ca3c3e7e4966ba9b7e6f488/5ab1c85d70a6ad5d2736a529/1559748932575/tumblr_oto7uhpjIH1w75qkio1_r1_1280.jpg
140,DETROIT MURAL #0294,,"1550 Gratiot Avenue, Detroit, MI",2015,https://static1.squarespace.com/static/5ab0771496e76f89eeebf997/5ca3c3e7e4966ba9b7e6f488/5ab941536d2a7301d3c983a7/1559749168712/FullSizeRender.jpg
141,DETROIT MURAL #0287,MEGGS,"2934 Russell Street, Detroit, MI",2015,https://static1.squarespace.com/static/5ab0771496e76f89eeebf997/5ca3c3e7e4966ba9b7e6f488/5ab93fc7758d46cb551df8b9/1559749191259/FullSizeRender-1.jpg
142,DETROIT MURAL #0288,Persue and Kwest,"2145 Hendricks St, Detroit, MI",2015,https://static1.squarespace.com/static/5ab0771496e76f89eeebf997/5ca3c3e7e4966ba9b7e6f488/5ab9400170a6ad454e5c8e32/1559749211151/FullSizeRender-2.jpg
143,DETROIT MURAL #0187,Eugene Carland,"2712 Riopelle Street, Detroit, MI",2015,https://static1.squarespace.com/static/5ab0771496e76f89eeebf997/5ca3c3e7e4966ba9b7e6f488/5ab1c8ff562fa7620d3186c0/1559749223942/1521600781176.jpeg
144,DETROIT MURAL #0179,Sydney G. James,"1561 Adelaide Street, Detroit, MI",2015,https://static1.squarespace.com/static/5ab0771496e76f89eeebf997/5ca3c3e7e4966ba9b7e6f488/5ab1c884562fa7620d3172da/1559749242843/tumblr_oto7v3TYBE1w75qkio1_1280.jpg
145,DETROIT MURAL #0169,Hebru Brantley,"1349 Adelaide St, Detroit, MI",2015,https://static1.squarespace.com/static/5ab0771496e76f89eeebf997/5ca3c3e7e4966ba9b7e6f488/5ab1c51288251b292be8a9ac/1559749278505/tumblr_orabiln11N1w75qkio1_1280.jpg
146,DETROIT MURAL #0160,Kashink,"1948 Division Street, Detroit, MI",2015,https://static1.squarespace.com/static/5ab0771496e76f89eeebf997/5ca3c3e7e4966ba9b7e6f488/5ab1ca1488251b292be981e3/1559749293776/tumblr_oto7zd49yw1w75qkio1_r1_1280.jpg
147,DETROIT MURAL #0158,"Yok & Sheryo, Daek, and Fecks","1936 Division Street, Detroit, MI",2015,https://static1.squarespace.com/static/5ab0771496e76f89eeebf997/5ca3c3e7e4966ba9b7e6f488/5ab1ca02352f53170db40307/1559749308607/1521601035566.jpeg
148,DETROIT MURAL #0145,Fel3000ft,"2611 Russell Street, Detroit, MI",2015,https://static1.squarespace.com/static/5ab0771496e76f89eeebf997/5ca3c3e7e4966ba9b7e6f488/5ab1cd5c88251b292bea0a1d/1559749326972/tumblr_oto81q2Rs21w75qkio1_r1_1280.jpg
149,DETROIT MURAL #0121,"Ghost Beard, Patch Whisky","1561 Adelaide Street, Detroit, MI",2015,https://static1.squarespace.com/static/5ab0771496e76f89eeebf997/5ca3c3e7e4966ba9b7e6f488/5ab1c83403ce647150fcb021/1559749343502/1521600575784.jpeg
150,DETROIT MURAL #0111,Luke Chueh,"1516 Winder St (In Alley), Detroit, MI",2015,https://static1.squarespace.com/static/5ab0771496e76f89eeebf997/5ca3c3e7e4966ba9b7e6f488/5ab1c78403ce647150fc932a/1559749370181/1521600400285.jpeg
151,DETROIT MURAL #0097,"Monica Canilao, Pat Perry, Ben Wolf, Nick Mann, Ouizi","Near 2099 Rivard Street (in Alley), Detroit, MI",2015,https://static1.squarespace.com/static/5ab0771496e76f89eeebf997/5ca3c3e7e4966ba9b7e6f488/5ab1d35a562fa7620d33327d/1559749382705/tumblr_oukp0sW7wW1w75qkio1_1280.jpg
152,DETROIT MURAL #0178,Michelle Tanguay,"1561 Adelaide Street, Detroit, MI",2015,https://static1.squarespace.com/static/5ab0771496e76f89eeebf997/5ca3c3e7e4966ba9b7e6f488/5ab1c875575d1f9478b30a68/1559749100069/1521600636302.jpeg
153,DETROIT MURAL #0228,Taylor White,"2740 Orleans Street, Detroit, MI",2015,https://static1.squarespace.com/static/5ab0771496e76f89eeebf997/5ca3c3e7e4966ba9b7e6f488/5ab1c94d1ae6cfb57c6a2aca/1559749427249/Detroit-Mural-Project-Taylor-White-2015-ViranelClerard.jpg
154,DETROIT MURAL #0223,Jesse Kassel,N/A,2015,https://static1.squarespace.com/static/5ab0771496e76f89eeebf997/5ca3c3e7e4966ba9b7e6f488/5ab1d1a71ae6cfb57c6b8296/1559749441068/Detroit-Mural-Project-Jesse-Kassel-2015-ViranelClerard.jpg
155,DETROIT MURAL #0213,Nosego & WOES,"2336 Russell Street, Detroit, MI",2015,https://static1.squarespace.com/static/5ab0771496e76f89eeebf997/5ca3c3e7e4966ba9b7e6f488/5ab1cfa188251b292bea6724/1559749460076/Detroit-Mural-Noesgo-Woes.jpg
156,DETROIT MURAL #0212,Jonny Alexander,"2611 Russell Street, Detroit, MI",2015,https://static1.squarespace.com/static/5ab0771496e76f89eeebf997/5ca3c3e7e4966ba9b7e6f488/5ab1cf7203ce647150fde1bc/1559749472581/Detroit-Mural-Jonny-Alexander-Covered.jpg
157,DETROIT MURAL #0191,WOES & Luke Chueh,"1421 Gratiot Avenue, Detroit, MI",2015,https://static1.squarespace.com/static/5ab0771496e76f89eeebf997/5ca3c3e7e4966ba9b7e6f488/5ab1cde9352f53170db4a1cc/1559749491642/Detroit-Mural-Woes-Luke-Chueh.jpg
158,DETROIT MURAL #0188,Miss Van,"1501 Division Street, Detroit, MI",2015,https://static1.squarespace.com/static/5ab0771496e76f89eeebf997/5ca3c3e7e4966ba9b7e6f488/5ab1c9276d2a73b789dbf3be/1559749506267/Detroit-Mural-Miss-Van-2015.jpeg
159,DETROIT MURAL #0159,Ouizi,"1816 Division Street, Detroit, MI",2015,https://static1.squarespace.com/static/5ab0771496e76f89eeebf997/5ca3c3e7e4966ba9b7e6f488/5ab1c9c2aa4a996aad7779fa/1559749526592/Detroit-Mural-Ouizi-2015.jpg
160,DETROIT MURAL #0156,SharkToof,"1906 Division Street, Detroit, MI",2015,https://static1.squarespace.com/static/5ab0771496e76f89eeebf997/5ca3c3e7e4966ba9b7e6f488/5ab1c9f42b6a285eb10dc302/1559750064114/Detroit-Mural-Sharktoof-2015.jpg
161,DETROIT MURAL #0157,Askew & Hannah Stouffer,"1825 Division Street, Detroit, MI",2015,https://static1.squarespace.com/static/5ab0771496e76f89eeebf997/5ca3c3e7e4966ba9b7e6f488/5ab1c9db562fa7620d31acc0/1559749698813/Detroit-Mural-Ashew-Hannah-Stouffer.jpeg
162,DETROIT MURAL #0150,Rone,"1550 Gratiot Avenue, Detroit, MI",2015,https://static1.squarespace.com/static/5ab0771496e76f89eeebf997/5ca3c3e7e4966ba9b7e6f488/5ab1cac22b6a285eb10de66f/1559749715802/Detroit-Mural-Rone-West.jpg
163,DETROIT MURAL #0123,Jarus,"2157 Hendricks Street, Detroit, MI",2015,https://static1.squarespace.com/static/5ab0771496e76f89eeebf997/5ca3c3e7e4966ba9b7e6f488/5ab1d266562fa7620d330d40/1559749731545/Detroit-Mural-Jarus.jpg
164,DETROIT MURAL #0124,Zak Meers,"2598 Dubois Street, Detroit, MI",2015,https://static1.squarespace.com/static/5ab0771496e76f89eeebf997/5ca3c3e7e4966ba9b7e6f488/5ab1d250575d1f9478b49ed9/1559749746668/Detroit-Mural-Zak-Meers.jpg
165,DETROIT MURAL #0296,Miss Van,"1301 Maple St, Detroit, MI",2015,https://static1.squarespace.com/static/5ab0771496e76f89eeebf997/5ca3c3e7e4966ba9b7e6f488/5ab9418b575d1f8e3a68f24c/1559749762051/Detroit-Mural-Miss-Van.jpg
166,DETROIT MURAL #0290,Jeff Soto and Maxx242,"1485 Gratiot Ave, Detroit, MI",2015,https://static1.squarespace.com/static/5ab0771496e76f89eeebf997/5ca3c3e7e4966ba9b7e6f488/5ab9403270a6ad454e5c9ace/1559749782819/Detroit-Mural-Jeff-Soto-Maxx242.JPG
167,DETROIT MURAL #0122,Marlobro,"1561 Adelaide Street, Detroit, MI",2015,https://static1.squarespace.com/static/5ab0771496e76f89eeebf997/5ca3c3e7e4966ba9b7e6f488/5ab1c849562fa7620d3167ad/1559749797530/Detroit-Mural-Marlobro-Eastern-Market.jpeg
168,DETROIT MURAL #0118,Naturel & Rick Williams,"1561 Adelaide Street, Detroit, MI",2015,https://static1.squarespace.com/static/5ab0771496e76f89eeebf997/5ca3c3e7e4966ba9b7e6f488/5ab1c8016d2a73b789dbc141/1559749813089/Detroit-Mural-Naturel-Rick-Williams.jpeg
169,DETROIT MURAL #0116,Kashink,"2515 Riopelle Street, Detroit, MI",2015,https://static1.squarespace.com/static/5ab0771496e76f89eeebf997/5ca3c3e7e4966ba9b7e6f488/5ab1c7db6d2a73b789dbbaf4/1559749832881/Detroit-Mural-Kashink-Eastern-Market.jpg
170,DETROIT MURAL #0112,Ron Zakrin,"1516 Winder St (In Alley), Detroit, MI",2015,https://static1.squarespace.com/static/5ab0771496e76f89eeebf997/5ca3c3e7e4966ba9b7e6f488/5ab1c774352f53170db396fa/1559749851189/Detroit-Mural-Ron-Zakrin.jpg
171,DETROIT MURAL #0113,2501,"1550 Winder Street, Detroit, MI",2015,https://static1.squarespace.com/static/5ab0771496e76f89eeebf997/5ca3c3e7e4966ba9b7e6f488/5ab1c797352f53170db39cf7/1559749865430/Detroit-Mural-2501.jpeg
172,DETROIT MURAL #0264,Beau Stanton,"2126 Pierce St, Detroit, MI",2015,https://static1.squarespace.com/static/5ab0771496e76f89eeebf997/5ca3c3e7e4966ba9b7e6f488/5ab90c238a922da0c50f966f/1559749880559/Detroit-Mural-Beau-Stanton-Eastern-Market.jpg
173,DETROIT MURAL #0372,Sintex,"2144 Gratiot Ave., Detroit, MI",2014,https://static1.squarespace.com/static/5ab0771496e76f89eeebf997/5ca3c3e7e4966ba9b7e6f488/5abccb0b1ae6cf7814847796/1559749894664/FullSizeRender-1.jpg
174,DETROIT MURAL #0371,Sintex,"2144 Gratiot Ave., Detroit, MI",2014,https://static1.squarespace.com/static/5ab0771496e76f89eeebf997/5ca3c3e7e4966ba9b7e6f488/5abccaf6aa4a99a0ab81a680/1559749911369/FullSizeRender.jpg
